Tamano 10,Tamano 20,Tamano 30,Tamano 40,Tamano 50,Tamano 60,Tamano 70,Tamano 80,Tamano 90,Tamano 100,Tamano 110,Tamano 120,Tamano 130,Tamano 140,Tamano 150,Tamano 160,Tamano 170,Tamano 180,Tamano 190,Tamano 200,Tamano 210,Tamano 220,Tamano 230,Tamano 240,Tamano 250,Tamano 260,Tamano 270,Tamano 280,Tamano 290,Tamano 300,Tamano 310,Tamano 320,Tamano 330,Tamano 340,Tamano 350,Tamano 360,Tamano 370,Tamano 380,Tamano 390,Tamano 400,Tamano 410,Tamano 420,Tamano 430,Tamano 440,Tamano 450,Tamano 460,Tamano 470,Tamano 480,Tamano 490,Tamano 500,Tamano 510,Tamano 520,Tamano 530,Tamano 540,Tamano 550,Tamano 560,Tamano 570,Tamano 580,Tamano 590,Tamano 600,Tamano 610,Tamano 620,Tamano 630,Tamano 640,Tamano 650,Tamano 660,Tamano 670,Tamano 680,Tamano 690,Tamano 700,Tamano 710,Tamano 720,Tamano 730,Tamano 740,Tamano 750,Tamano 760,Tamano 770,Tamano 780,Tamano 790,Tamano 800,Tamano 810,Tamano 820,Tamano 830,Tamano 840,Tamano 850,Tamano 860,Tamano 870,Tamano 880,Tamano 890,Tamano 900,Tamano 910,Tamano 920,Tamano 930,Tamano 940,Tamano 950,Tamano 960,Tamano 970,Tamano 980,Tamano 990,Tamano 1000
1.32E-07,4.08E-07,6.70E-07,1.08E-06,1.16E-06,2.05E-06,2.56E-06,3.04E-06,4.02E-06,3.34E-06,4.71E-06,5.62E-06,6.62E-06,7.08E-06,7.45E-06,1.13E-05,8.16E-06,1.18E-05,1.22E-05,1.34E-05,1.41E-05,1.40E-05,1.69E-05,1.82E-05,1.92E-05,1.91E-05,2.59E-05,2.25E-05,2.44E-05,2.65E-05,2.95E-05,2.75E-05,3.05E-05,3.24E-05,3.64E-05,4.06E-05,4.10E-05,4.42E-05,4.66E-05,4.48E-05,4.75E-05,5.07E-05,5.17E-05,5.68E-05,5.34E-05,5.79E-05,6.37E-05,6.08E-05,6.73E-05,6.84E-05,7.01E-05,7.41E-05,7.63E-05,9.07E-05,8.72E-05,8.78E-05,8.87E-05,9.03E-05,9.31E-05,9.95E-05,9.63E-05,0.000100664,0.000112427,0.000116849,0.000113289,0.000119797,0.000117391,0.000125001,0.000127404,0.000134761,0.000131141,0.000135588,0.000144038,0.000144315,0.000145718,0.000154309,0.000152304,0.000162702,0.000159243,0.000168079,0.00017094,0.000175319,0.000188835,0.000183121,0.000186092,0.000193439,0.000198166,0.000203336,0.000215896,0.00021694,0.000208935,0.000218324,0.000216624,0.000229368,0.000237662,0.000249264,0.000250871,0.000248719,0.00027138,0.000257275
